,Variable,Year,province,value,adm_level,region,unit
149,Poverty Incidence among Families (%),2015,ARMM,48.2,Region,ARMM,%
779,Poverty Incidence among Families (%),2015,CAR,14.9,Region,CAR,%
989,Poverty Incidence among Families (%),2015,Caraga,30.8,Region,CARAGA,%
2004,Poverty Incidence among Families (%),2015,NCR,2.7,Region,NCR,%
2529,Poverty Incidence among Families (%),2015,Region I,9.6,Region,Region I,%
2599,Poverty Incidence among Families (%),2015,Region III,8.9,Region,Region III,%
2634,Poverty Incidence among Families (%),2015,Region IV-A,6.7,Region,Region VI-A,%
2669,Poverty Incidence among Families (%),2015,Region IV-B,17.4,Region,Region IV-B,%
2704,Poverty Incidence among Families (%),2015,Region IX,26,Region,Region IX,%
2739,Poverty Incidence among Families (%),2015,Region V,27.5,Region,Region V,%
2774,Poverty Incidence among Families (%),2015,Region VI,16.6,Region,Region VI,%
2809,Poverty Incidence among Families (%),2015,Region VII,23.6,Region,Region VII,%
2844,Poverty Incidence among Families (%),2015,Region VIII,30.7,Region,Region VIII,%
2879,Poverty Incidence among Families (%),2015,Region X,30.3,Region,Region X,%
2914,Poverty Incidence among Families (%),2015,Region XI,16.6,Region,Region XI,%
2949,Poverty Incidence among Families (%),2015,Region XII,30.5,Region,Region XII,%
